"br_ouinstance","br_customer_id","br_customer_location","br_from_ship_point_id","br_to_ship_point_id","br_score","br_rank","br_created_date","br_created_by"
2,"105","10l","01","5l",1.00000002,1,2019-01-14 20:19:18,ML
2,"105","10l",td5695,"5l",1.00000002,1,2019-01-14 20:19:19,ML
2,"105",jakartahub,"10000039","5l",1.00000002,1,2019-01-14 20:19:19,ML
2,"105",jakartahub,shp_cemeng,"5l",1.00000000,1,2019-01-14 20:19:20,ML
2,"105",jakartahub,shp_marunda,"5l",1.00000000,1,2019-01-14 20:19:20,ML
2,"105",lynk,"01","5l",1.00000002,1,2019-01-14 20:19:20,ML
2,"125","2tgw","10000039","5l",1.00000002,1,2019-01-14 20:19:21,ML
2,"125",brooklyn,"10000039","5l",1.00000002,1,2019-01-14 20:19:21,ML
2,"125",brooklyn,"10000340","5l",1.00000002,1,2019-01-14 20:19:21,ML
2,"127","3der","01_st_1","5l",1.00000000,1,2019-01-14 20:19:22,ML
2,"127",jakartahub,shp_marunda,"5l",1.00000000,1,2019-01-14 20:19:22,ML
2,"135",bng,"135-1","5l",1.00000002,1,2019-01-14 20:19:23,ML
2,"135",jakartahub,"10000039","5l",1.00000002,1,2019-01-14 20:19:24,ML
2,"146","2pud","192","5l",1.00000002,1,2019-01-14 20:19:24,ML
2,"146",chn-hub,"146","5l",1.00000002,1,2019-01-14 20:19:25,ML
2,"146",jakartahub,"192","5l",1.00000002,1,2019-01-14 20:19:26,ML
2,"148","10l","01_st_1","5l",1.00000000,1,2019-01-14 20:19:26,ML
2,"172",melwh,"10000051","5l",1.00000002,1,2019-01-14 20:19:27,ML
2,"382",jakartahub,shp_marunda,"5l",1.00000000,1,2019-01-14 20:19:27,ML
2,"0000991000",chn-hub,"01","5l",1.00000000,1,2019-01-14 20:19:28,ML
2,"0000991000",jakartahub,"10000039","5l",1.00000002,1,2019-01-14 20:19:28,ML
2,"0000991000",jakartahub,shp_cilincing,"5l",1.00000000,1,2019-01-14 20:19:29,ML
2,"007","10l",ship_point_01,"5l",1.00000000,1,2019-01-14 20:19:29,ML
2,"007",adayar,sp000,test_cus,1.00000002,1,2019-01-14 20:19:30,ML
2,"007",adayar,sp000,sp000,1.00000002,2,2019-01-14 20:19:30,ML
2,"007",bayswater,shp_marunda,"5l",1.00000000,1,2019-01-14 20:19:30,ML
2,"007",tdm,sp000,"5l",1.00000002,1,2019-01-14 20:19:32,ML
2,"007",tdm,sp_2,"5l",1.00000000,1,2019-01-14 20:19:32,ML
2,"007",tdm,tdm,sp000,1.00000000,1,2019-01-14 20:19:32,ML
2,"10000340","11l","2chikil","5l",1.00000002,1,2019-01-14 20:19:32,ML
2,"10000340","3chp","10000435","5l",1.00000002,1,2019-01-14 20:19:33,ML
2,"10000340","3t","10000340","5l",1.00000000,1,2019-01-14 20:19:33,ML
2,"10000340","3t","2chikil","5l",1.00000002,1,2019-01-14 20:19:33,ML
2,"10000340",cameron-,"10000340","5l",1.00000000,1,2019-01-14 20:19:34,ML
2,"10000340",jakartahub,m02,"5l",1.00000002,1,2019-01-14 20:19:34,ML
2,"101","10l",sp_karapakkam,sp_kovalam,1.00000000,1,2019-01-14 20:19:34,ML
2,"101","11010",sp_karapakkam,sp_kovalam,1.00000000,1,2019-01-14 20:19:34,ML
2,"101","11l",sp_karapakkam,sp_kovalam,1.00000000,1,2019-01-14 20:19:35,ML
2,"101",jakartahub,sp_karapakkam,sp_kovalam,1.00000000,1,2019-01-14 20:19:35,ML
2,"105","2pud",td1058,"5l",1.00000002,1,2019-01-14 20:19:35,ML
2,"105","3ls",m01,"5l",1.00000002,1,2019-01-14 20:19:36,ML
2,"105",bng,"10000039","5l",1.00000002,1,2019-01-14 20:19:36,ML
2,"105",jakartahub,"01_st_1","5l",1.00000000,1,2019-01-14 20:19:36,ML
2,"105",jakartahub,"10000051","5l",1.00000002,1,2019-01-14 20:19:36,ML
2,"105",jakartahub,"1002","5l",1.00000002,1,2019-01-14 20:19:37,ML
2,"105",jakartahub,ship_point_01,"5l",1.00000000,1,2019-01-14 20:19:37,ML
2,"105",kolkata,kolkata-kola,"5l",1.00000002,1,2019-01-14 20:19:37,ML
2,"105",kolkata,kolkata10,"5l",1.00000002,1,2019-01-14 20:19:38,ML
2,"105",kolkata,kolnew,"5l",1.00000002,1,2019-01-14 20:19:38,ML
2,"105",ramco,"01","",1.00000002,1,2019-01-14 20:19:38,ML
2,"105",ramco,gandhi022,"5l",1.00000002,1,2019-01-14 20:19:38,ML
2,"105",ramco,iitgate036,"5l",1.00000002,1,2019-01-14 20:19:39,ML
2,"105",ramco,rajbhavan22,"5l",1.00000002,1,2019-01-14 20:19:39,ML
2,"105",ramco,sp_adyar_rf,"5l",1.00000000,1,2019-01-14 20:19:39,ML
2,"105",ramco,sp_kovalam,"5l",1.00000000,1,2019-01-14 20:19:39,ML
2,"105",ramco,sp_madhyakailash,"5l",1.00000000,1,2019-01-14 20:19:40,ML
2,"105",ramco,sp_madras,"5l",1.00000000,1,2019-01-14 20:19:40,ML
2,"105",ramco,sp_nandhanam,"5l",1.00000000,1,2019-01-14 20:19:40,ML
2,"105",ramco,sp_padur,"5l",1.00000000,1,2019-01-14 20:19:41,ML
2,"1058","52101","3granmel","5l",1.00000002,1,2019-01-14 20:19:41,ML
2,"1058",cameron-b,"10000435","5l",1.00000000,1,2019-01-14 20:19:41,ML
2,"1173371","2pud","10000051","5l",1.00000002,1,2019-01-14 20:19:41,ML
2,"127",jakartahub,shp_marunda,"5l",1.00000000,1,2019-01-14 20:19:42,ML
2,"1292","2tgw","2parsou","5l",1.00000002,1,2019-01-14 20:19:42,ML
2,"135",aaiwwltest,"01","5l",1.00000002,1,2019-01-14 20:19:42,ML
2,"1434","3l","2058","5l",1.00000002,1,2019-01-14 20:19:43,ML
2,"1434",bng,ship_point_01,"5l",1.00000000,1,2019-01-14 20:19:43,ML
2,"146","2tgw",ship_point_01,"5l",1.00000000,1,2019-01-14 20:19:43,ML
2,"169",jakartahub,sp_1,"5l",1.00000000,1,2019-01-14 20:19:43,ML
2,"2031",bng,zvsdv,"5l",1.00000002,1,2019-01-14 20:19:44,ML
2,"2085","3der","01","5l",1.00000002,1,2019-01-14 20:19:44,ML
2,"2114","52101",test01,"5l",1.00000002,1,2019-01-14 20:19:44,ML
2,"2129",jakartahub,shp_marunda,"5l",1.00000000,1,2019-01-14 20:19:44,ML
2,"289",jakartahub,"172-1","5l",1.00000000,1,2019-01-14 20:19:45,ML
2,"2chikil","11l","2chikil","5l",1.00000000,1,2019-01-14 20:19:45,ML
2,"2chikil","2l","2chikil","5l",1.00000000,1,2019-01-14 20:19:45,ML
2,"2chikil","2lh","2chikil","5l",1.00000000,1,2019-01-14 20:19:45,ML
2,"2chikil","2pudc","2chikil","5l",1.00000000,1,2019-01-14 20:19:46,ML
2,"2chikil","2tg","10000039","5l",1.00000002,1,2019-01-14 20:19:46,ML
2,"2chikil","2tgw","2chikil","5l",1.00000000,1,2019-01-14 20:19:46,ML
2,"2chikil","2tt","2desres","5l",1.00000002,1,2019-01-14 20:19:47,ML
2,"2chikil","3c","2chikil","5l",1.00000000,1,2019-01-14 20:19:47,ML
2,"2chikil","3der","10000340","5l",1.00000002,1,2019-01-14 20:19:47,ML
2,"2chikil","3der","10000435","5l",1.00000002,1,2019-01-14 20:19:47,ML
2,"2chikil","3der","2chikil","5l",1.00000000,1,2019-01-14 20:19:48,ML
2,"2chikil","3ls","1","5l",1.00000002,1,2019-01-14 20:19:48,ML
2,"2chikil","3ls","10000051","5l",1.00000002,1,2019-01-14 20:19:48,ML
2,"2chikil","3ls","23pwick","5l",1.00000002,1,2019-01-14 20:19:49,ML
2,"2chikil","3ls","2chikil","5l",1.00000000,1,2019-01-14 20:19:49,ML
2,"2chikil","3pud","1","5l",1.00000002,1,2019-01-14 20:19:51,ML
2,"2chikil","3pud","2chikil","10000051",-1.38878452,2,2019-01-14 20:19:52,ML
2,"2chikil","3pud","2parsou","5l",1.00000002,1,2019-01-14 20:19:52,ML
2,"2chikil","3pud","3dolpak","5l",1.00000002,1,2019-01-14 20:19:52,ML
2,"2chikil","3pud",td1239,"5l",1.00000002,1,2019-01-14 20:19:53,ML
2,"2chikil","3t","10000051","5l",1.00000002,1,2019-01-14 20:19:53,ML
2,"2chikil","3t","10000340","5l",1.00000002,1,2019-01-14 20:19:53,ML
2,"2chikil","3t","10000435","5l",1.00000002,1,2019-01-14 20:19:53,ML
2,"2chikil","3tcam","10000340","5l",1.00000002,1,2019-01-14 20:19:54,ML
2,"2chikil","3tcam","3camsa","5l",1.00000002,1,2019-01-14 20:19:54,ML
2,"2chikil","3tcam",td1058,"5l",1.00000002,1,2019-01-14 20:19:54,ML
2,"2chikil","52101",td1239,"5l",1.00000002,1,2019-01-14 20:19:55,ML
2,"2chikil",cameron,"2chikil","5l",1.00000000,1,2019-01-14 20:19:55,ML
2,"2chikil",jakartahub,"1","5l",1.00000002,1,2019-01-14 20:19:55,ML
2,"2chikil",jakartahub,"10000435","5l",1.00000002,1,2019-01-14 20:19:56,ML
2,"2chikil",jakartahub,"2chikil","5l",1.00000000,1,2019-01-14 20:19:56,ML
2,"2chikil",jakartahub,jakartahub,"5l",1.00000000,1,2019-01-14 20:19:56,ML
2,"135","3l","10000039","5l",1.00000002,1,2019-01-14 20:19:23,ML
2,"135",jakartahub,shp_marunda,"5l",1.00000000,1,2019-01-14 20:19:24,ML
2,"146",jakartahub,"10000051","5l",1.00000002,1,2019-01-14 20:19:25,ML
2,"17",barasat1,kolsil,"5l",1.00000002,1,2019-01-14 20:19:26,ML
2,"0000991000","2lh","24pines","5l",1.00000002,1,2019-01-14 20:19:28,ML
2,"0000991000",melwh,shp_marunda,"5l",1.00000000,1,2019-01-14 20:19:29,ML
2,"007",adyar,frtsyschn,frtsysblr,1.00000002,1,2019-01-14 20:19:30,ML
2,"007",l793994,"01",ship_point_01,1.00000002,1,2019-01-14 20:19:32,ML
2,"10000340","2tgw","10000039","5l",1.00000002,1,2019-01-14 20:19:33,ML
2,"10000340","3asr","10000340","5l",1.00000000,1,2019-01-14 20:19:33,ML
2,"10000340",dlh,"10000340","5l",1.00000000,1,2019-01-14 20:19:34,ML
2,"101",chn-hub,"10000039","5l",1.00000000,1,2019-01-14 20:19:35,ML
2,"105",changi,pju,"5l",1.00000002,1,2019-01-14 20:19:36,ML
2,"105",jakartahub,shp_marunda,"5l",1.00000000,1,2019-01-14 20:19:37,ML
2,"105",ramco,annalibrary85,"5l",1.00000002,1,2019-01-14 20:19:38,ML
2,"105",ramco,sp_karapakkam,"5l",1.00000000,1,2019-01-14 20:19:39,ML
2,"105",ramco,sp_kbstation,"5l",1.00000000,1,2019-01-14 20:19:39,ML
2,"105",ramco,sp_navalur,"5l",1.00000000,1,2019-01-14 20:19:40,ML
2,"127","2tgw","01_st_1","5l",1.00000000,1,2019-01-14 20:19:42,ML
2,"1434","3der","10000039","5l",1.00000002,1,2019-01-14 20:19:43,ML
2,"17",kol10book,kolnew,"5l",1.00000002,1,2019-01-14 20:19:44,ML
2,"2753",bng,"1","5l",1.00000002,1,2019-01-14 20:19:45,ML
2,"2chikil","2lh","2desres","5l",1.00000002,1,2019-01-14 20:19:46,ML
2,"2chikil","3c","23pwick","5l",1.00000002,1,2019-01-14 20:19:47,ML
2,"2chikil","3l","2chikil","10000051",1.00000000,1,2019-01-14 20:19:48,ML
2,"2chikil","3pud","2chikil","5l",1.38878452,1,2019-01-14 20:19:52,ML
2,"2chikil","3pudc","553","5l",1.00000002,1,2019-01-14 20:19:53,ML
2,"2chikil","3t","2chikil","5l",1.00000000,1,2019-01-14 20:19:54,ML
2,"2chikil","3tcam","2chikil","5l",1.00000000,1,2019-01-14 20:19:54,ML
2,"2chikil",bng,"2chikil","5l",1.00000000,1,2019-01-14 20:19:55,ML
2,"2chikil",jakartah,"2chikil","5l",1.00000000,1,2019-01-14 20:19:55,ML
2,"2chikil",jakartahub,shp_marunda,"5l",1.00000000,1,2019-01-14 20:19:56,ML
2,"501","2l","741","963",1.00000002,1,2019-01-14 20:19:57,ML
2,"501",cameronipo,"741","963",1.00000002,1,2019-01-14 20:19:58,ML
2,"501",kul,"741","963",1.00000002,1,2019-01-14 20:20:02,ML
2,"501",lynk,"963","5l",1.00000002,1,2019-01-14 20:20:03,ML
2,"775533",mad,"789","5l",1.00000002,1,2019-01-14 20:20:04,ML
2,advcar,"2pud","3camsa","5l",1.00000002,1,2019-01-14 20:20:05,ML
2,agl01,"2pudc",oarwsin,"5l",1.00000002,1,2019-01-14 20:20:06,ML
2,agl01,ramco,abtchn01,"5l",1.00000002,1,2019-01-14 20:20:07,ML
2,asian,"2pud","135","5l",1.00000002,1,2019-01-14 20:20:08,ML
2,asian,"2pud","169","5l",1.00000002,1,2019-01-14 20:20:09,ML
2,asian,"2pud","17","5l",1.00000002,1,2019-01-14 20:20:09,ML
2,asian,"2pud","197","5l",1.00000002,1,2019-01-14 20:20:10,ML
2,asian,"2pud","230","5l",1.00000002,1,2019-01-14 20:20:11,ML
2,asian,"2pud","261","5l",1.00000002,1,2019-01-14 20:20:12,ML
2,asian,"2pud","295","5l",1.00000002,1,2019-01-14 20:20:18,ML
2,asian,"2pud","321","5l",1.00000002,1,2019-01-14 20:20:19,ML
2,asian,"2pud","376","5l",1.00000002,1,2019-01-14 20:20:20,ML
2,asian,"2pud","382-12","5l",1.00000000,1,2019-01-14 20:20:22,ML
2,asian,"2pud","382-17","5l",1.00000000,1,2019-01-14 20:20:23,ML
2,asian,"2pud","382-4","5l",1.00000000,1,2019-01-14 20:20:24,ML
2,asian,"2pud","382-8","5l",1.00000000,1,2019-01-14 20:20:25,ML
2,asian,"2pud","44","5l",1.00000002,1,2019-01-14 20:20:26,ML
2,asian,"2pud","79","5l",1.00000002,1,2019-01-14 20:20:28,ML
2,asian,"2pud",td5727,"5l",1.00000002,1,2019-01-14 20:20:29,ML
2,asian,jakartahub,"4","5l",1.00000002,1,2019-01-14 20:20:30,ML
2,bayswater,andheri,sp1,"5l",1.00000002,1,2019-01-14 20:20:31,ML
2,bb,"2tgw","2chikil","5l",1.00000002,1,2019-01-14 20:20:32,ML
2,bb,"6l","2albwil","5l",1.00000002,1,2019-01-14 20:20:34,ML
2,bb,jakartahub,"01","5l",1.00000002,1,2019-01-14 20:20:35,ML
2,bb,jakartahub,"10000435","5l",1.00000002,1,2019-01-14 20:20:37,ML
2,bb,jakartahub,"2321","5l",1.00000002,1,2019-01-14 20:20:38,ML
2,bb,jakartahub,shp_cemeng,"5l",1.00000000,1,2019-01-14 20:20:39,ML
2,bb,jakartahub,sp_jkt,"5l",1.00000000,1,2019-01-14 20:20:40,ML
2,bb,location00,"10000039","5l",1.00000002,1,2019-01-14 20:20:42,ML
2,bb,melwh,shp_cemeng,"5l",1.00000000,1,2019-01-14 20:20:43,ML
2,bb,melwh,shp_cilincing,"5l",1.00000000,1,2019-01-14 20:20:43,ML
2,bb,yardstick,sp_1,"5l",1.00000000,1,2019-01-14 20:20:47,ML
2,bb-oth,ss-chn-bo,td1058,"5l",1.00000002,1,2019-01-14 20:20:47,ML
2,c01,"10l","1","5l",1.00000002,1,2019-01-14 20:20:48,ML
2,c01,"10l",teasposu,"5l",1.00000002,1,2019-01-14 20:20:48,ML
2,c01,bng,"1","5l",1.00000002,1,2019-01-14 20:20:49,ML
2,c01,bng,"2053",wipro,1.00000002,1,2019-01-14 20:20:49,ML
2,c01,jakartahub,"2001","5l",1.00000002,1,2019-01-14 20:20:50,ML
2,c01,jakartahub,"3239","5l",1.00000002,1,2019-01-14 20:20:50,ML
2,c101,"3der","10000340","5l",1.00000002,1,2019-01-14 20:20:51,ML
2,cc1,"3ls","2chikil","5l",1.00000002,1,2019-01-14 20:20:51,ML
2,cl,india,"2233","5l",1.00000002,1,2019-01-14 20:20:52,ML
2,cl,jakartahub,shp_marunda,"5l",1.00000000,1,2019-01-14 20:20:52,ML
2,coles,"3l","24pines","5l",1.00000002,1,2019-01-14 20:20:52,ML
2,cu1,tdm,"741","963",1.00000002,1,2019-01-14 20:20:53,ML
2,cus01,"10l","10000039","5l",1.00000002,1,2019-01-14 20:20:53,ML
2,cus01,jakartahub,"1","5l",1.00000002,1,2019-01-14 20:20:54,ML
2,cus987,lynk,mansp01,"1002",1.00000002,1,2019-01-14 20:20:56,ML
2,cust01new,jakartahub,"1","5l",1.00000002,1,2019-01-14 20:20:56,ML
2,customer05,"10l",td1058,"5l",1.00000002,1,2019-01-14 20:20:57,ML
2,customer05,tdm,tdm,sp000,1.00000000,1,2019-01-14 20:20:57,ML
2,customer444,"10l","10001153","1211",1.00000002,1,2019-01-14 20:20:58,ML
2,customer444,"10l","2parsou","1211",1.00000002,1,2019-01-14 20:20:58,ML
2,customer444,l793991,sp1,"5l",1.00000002,1,2019-01-14 20:20:59,ML
2,customer444,l793994,"741","963",0.00000000,2,2019-01-14 20:20:59,ML
2,customer444,lynk,"741","5l",1.38016866,1,2019-01-14 20:21:00,ML
2,customer444,lynk,"741","10000051",-1.00595685,4,2019-01-14 20:21:00,ML
2,customer444,lynk,"741","963",-1.04751822,6,2019-01-14 20:21:01,ML
2,customer_01,"10l",shp_cemeng,"5l",1.00000000,1,2019-01-14 20:21:02,ML
2,customer_01,jakartah,td1058,"5l",1.00000000,1,2019-01-14 20:21:03,ML
2,cust_bb,"2tgw","2chikil","5l",1.00000000,1,2019-01-14 20:21:04,ML
2,cust_bb,jakartahub,"12345","5l",1.00000000,1,2019-01-14 20:21:05,ML
2,cust_bb,jakartahub,shp_marunda,"5l",1.00000000,1,2019-01-14 20:21:06,ML
2,c_aus,cbayswater,sbayswater,"5l",1.00000000,1,2019-01-14 20:21:07,ML
2,dow-c-001,kalamboli,kalwa-1,"5l",1.00000002,1,2019-01-14 20:21:07,ML
2,fairmaxjak,"2pud",td1058,"5l",1.00000002,1,2019-01-14 20:21:08,ML
2,fairmaxjak,jakartah,td1058,"5l",1.00000002,1,2019-01-14 20:21:08,ML
2,fairmaxjak,jakartahub,td1058,"5l",1.00000002,1,2019-01-14 20:21:09,ML
2,frtsyst01,ramco,frtsyschn,"5l",1.00000002,1,2019-01-14 20:21:10,ML
2,gytextaai,jakartahub,phgytextaai,"5l",1.00000002,1,2019-01-14 20:21:10,ML
2,"2chikil",sydwh,td1239,"5l",1.00000002,1,2019-01-14 20:19:56,ML
2,"49","3l","10000039","5l",1.00000002,1,2019-01-14 20:19:57,ML
2,"501","11l","741","963",1.00000002,1,2019-01-14 20:19:57,ML
2,"501","1201","741","963",1.00000002,1,2019-01-14 20:19:57,ML
2,"501","2ls","741","963",1.00000002,1,2019-01-14 20:19:57,ML
2,"501","2tgw","741","963",1.00000002,1,2019-01-14 20:19:58,ML
2,"501",abcd,"741","963",1.00000002,1,2019-01-14 20:19:58,ML
2,"501",bng,"741","963",1.00000002,1,2019-01-14 20:19:58,ML
2,"501",copylocut,"741","963",1.00000002,1,2019-01-14 20:19:59,ML
2,"501",india,"741","963",1.00000002,1,2019-01-14 20:19:59,ML
2,"501",jakartahub,"741","963",1.00000002,1,2019-01-14 20:19:59,ML
2,"501",jakartahub,"963","741",1.00000002,1,2019-01-14 20:20:02,ML
2,"501",locc,"741","963",1.00000002,1,2019-01-14 20:20:02,ML
2,"501",lynk,"741","5l",1.01976228,1,2019-01-14 20:20:02,ML
2,"501",lynk,"741","963",-1.01976228,2,2019-01-14 20:20:02,ML
2,"501",lynk,"789","5l",1.00000002,1,2019-01-14 20:20:02,ML
2,"501",melwh,"741","963",1.00000002,1,2019-01-14 20:20:03,ML
2,"501",null,"741","963",1.00000002,1,2019-01-14 20:20:03,ML
2,"501",tdm,"741","963",1.00000002,1,2019-01-14 20:20:03,ML
2,"501",toronto,"741","963",1.00000002,1,2019-01-14 20:20:04,ML
2,acn2078,"10l",shp_marunda,"5l",1.00000000,1,2019-01-14 20:20:04,ML
2,acn2078,"2lh","10000051","5l",1.00000002,1,2019-01-14 20:20:04,ML
2,acn2078,"2lh","2parsou","5l",1.00000002,1,2019-01-14 20:20:04,ML
2,advcar,"2lh","2desres","5l",1.00000002,1,2019-01-14 20:20:05,ML
2,advcar,"2pud","5hanlox","5l",1.00000002,1,2019-01-14 20:20:05,ML
2,advcar,"2pudc","24pines","5l",1.00000002,1,2019-01-14 20:20:05,ML
2,advcar,"3c","2chikil","5l",1.00000002,1,2019-01-14 20:20:06,ML
2,agl01,"2lh","5bannor","5l",1.00000002,1,2019-01-14 20:20:06,ML
2,agl01,cp,chnsp,"5l",1.00000002,1,2019-01-14 20:20:06,ML
2,agl01,i1,ia1,"5l",1.00000002,1,2019-01-14 20:20:06,ML
2,agl01,jakartahub,"01","5l",1.00000002,1,2019-01-14 20:20:07,ML
2,agl01,jakartahub,chnsp,"5l",1.00000002,1,2019-01-14 20:20:07,ML
2,amul-001,ahmedabad,gandhinagar-1,"5l",1.00000000,1,2019-01-14 20:20:07,ML
2,asian,"2pud","105-1","5l",1.00000000,1,2019-01-14 20:20:07,ML
2,asian,"2pud","125","5l",1.00000002,1,2019-01-14 20:20:08,ML
2,asian,"2pud","127","5l",1.00000002,1,2019-01-14 20:20:08,ML
2,asian,"2pud","135-1","5l",1.00000000,1,2019-01-14 20:20:08,ML
2,asian,"2pud","135-2","5l",1.00000000,1,2019-01-14 20:20:08,ML
2,asian,"2pud","146","5l",1.00000002,1,2019-01-14 20:20:09,ML
2,asian,"2pud","148","5l",1.00000002,1,2019-01-14 20:20:09,ML
2,asian,"2pud","171","5l",1.00000002,1,2019-01-14 20:20:09,ML
2,asian,"2pud","172","5l",1.00000002,1,2019-01-14 20:20:10,ML
2,asian,"2pud","172-1","5l",1.00000000,1,2019-01-14 20:20:10,ML
2,asian,"2pud","192","5l",1.00000002,1,2019-01-14 20:20:10,ML
2,asian,"2pud","198","5l",1.00000002,1,2019-01-14 20:20:11,ML
2,asian,"2pud","21","5l",1.00000002,1,2019-01-14 20:20:11,ML
2,asian,"2pud","215","5l",1.00000002,1,2019-01-14 20:20:11,ML
2,asian,"2pud","228","5l",1.00000002,1,2019-01-14 20:20:11,ML
2,asian,"2pud","238","5l",1.00000002,1,2019-01-14 20:20:12,ML
2,asian,"2pud","238-1","5l",1.00000000,1,2019-01-14 20:20:12,ML
2,asian,"2pud","23pwick","5l",1.00000002,1,2019-01-14 20:20:12,ML
2,asian,"2pud","26","5l",1.00000002,1,2019-01-14 20:20:12,ML
2,asian,"2pud","289","5l",1.00000002,1,2019-01-14 20:20:13,ML
2,asian,"2pud","289-1","5l",1.00000000,1,2019-01-14 20:20:13,ML
2,asian,"2pud","296","5l",1.00000002,1,2019-01-14 20:20:18,ML
2,asian,"2pud","3","5l",1.00000002,1,2019-01-14 20:20:19,ML
2,asian,"2pud","31","5l",1.00000002,1,2019-01-14 20:20:19,ML
2,asian,"2pud","342","5l",1.00000002,1,2019-01-14 20:20:20,ML
2,asian,"2pud","368","5l",1.00000002,1,2019-01-14 20:20:20,ML
2,asian,"2pud","370","5l",1.00000002,1,2019-01-14 20:20:20,ML
2,asian,"2pud","379","5l",1.00000002,1,2019-01-14 20:20:21,ML
2,asian,"2pud","382-1","5l",1.00000000,1,2019-01-14 20:20:21,ML
2,asian,"2pud","382-10","5l",1.00000000,1,2019-01-14 20:20:21,ML
2,asian,"2pud","382-11","5l",1.00000000,1,2019-01-14 20:20:21,ML
2,asian,"2pud","382-14","5l",1.00000000,1,2019-01-14 20:20:22,ML
2,asian,"2pud","382-15","5l",1.00000000,1,2019-01-14 20:20:22,ML
2,asian,"2pud","382-16","5l",1.00000000,1,2019-01-14 20:20:22,ML
2,asian,"2pud","382-18","5l",1.00000000,1,2019-01-14 20:20:23,ML
2,asian,"2pud","382-2","5l",1.00000000,1,2019-01-14 20:20:23,ML
2,asian,"2pud","382-3","5l",1.00000000,1,2019-01-14 20:20:23,ML
2,asian,"2pud","382-5","5l",1.00000000,1,2019-01-14 20:20:24,ML
2,asian,"2pud","382-6","5l",1.00000000,1,2019-01-14 20:20:24,ML
2,asian,"2pud","382-7","5l",1.00000000,1,2019-01-14 20:20:25,ML
2,asian,"2pud","382-9","5l",1.00000000,1,2019-01-14 20:20:25,ML
2,asian,"2pud","3949","5l",1.00000002,1,2019-01-14 20:20:25,ML
2,asian,"2pud","4","5l",1.00000002,1,2019-01-14 20:20:26,ML
2,asian,"2pud","49","5l",1.00000002,1,2019-01-14 20:20:26,ML
2,asian,"2pud","60","5l",1.00000002,1,2019-01-14 20:20:26,ML
2,asian,"2pud","62","5l",1.00000002,1,2019-01-14 20:20:28,ML
2,asian,"2pud","81","5l",1.00000002,1,2019-01-14 20:20:28,ML
2,asian,"2pud","91","5l",1.00000002,1,2019-01-14 20:20:29,ML
2,asian,"2pud","98","5l",1.00000002,1,2019-01-14 20:20:29,ML
2,asian,"2pud",test01,"5l",1.00000002,1,2019-01-14 20:20:29,ML
2,asian,"2tgw","23pwick","5l",1.00000002,1,2019-01-14 20:20:30,ML
2,asian,asian,"24pines","5l",1.00000000,1,2019-01-14 20:20:30,ML
2,asian,jakartahub,shp_marunda,"5l",1.00000000,1,2019-01-14 20:20:31,ML
2,awwgumon,"2pud","2chikil","5l",1.00000002,1,2019-01-14 20:20:31,ML
2,awwgumon,"3t","2chikil","5l",1.00000002,1,2019-01-14 20:20:31,ML
2,bayswater,l793994,andheri,"5l",1.00000002,1,2019-01-14 20:20:32,ML
2,bb,"10l",shp_marunda,"5l",1.00000000,1,2019-01-14 20:20:32,ML
2,bb,"10l",test40,"5l",1.00000002,1,2019-01-14 20:20:32,ML
2,bb,"2tgw","2parsou","5l",1.00000002,1,2019-01-14 20:20:33,ML
2,bb,"3pud","2chikil","5l",1.00000002,1,2019-01-14 20:20:33,ML
2,bb,"3pud","2parsou","5l",1.00000002,1,2019-01-14 20:20:33,ML
2,bb,adayar,"01","5l",1.00000002,1,2019-01-14 20:20:34,ML
2,bb,bng,shp_marunda,"5l",1.00000000,1,2019-01-14 20:20:34,ML
2,bb,jakartahub,"","5l",1.00000000,1,2019-01-14 20:20:35,ML
2,bb,jakartahub,"011","5l",1.00000002,1,2019-01-14 20:20:35,ML
2,bb,jakartahub,"01_st_1","5l",1.00000000,1,2019-01-14 20:20:35,ML
2,bb,jakartahub,"1","5l",1.00000002,1,2019-01-14 20:20:36,ML
2,bb,jakartahub,"10000039","5l",1.00000002,1,2019-01-14 20:20:36,ML
2,bb,jakartahub,"127","5l",1.00000002,1,2019-01-14 20:20:37,ML
2,bb,jakartahub,"135","5l",1.00000002,1,2019-01-14 20:20:38,ML
2,bb,jakartahub,"2000","5l",1.00000002,1,2019-01-14 20:20:38,ML
2,bb,jakartahub,"24pines","5l",1.00000002,1,2019-01-14 20:20:38,ML
2,bb,jakartahub,"2chikil","5l",1.00000002,1,2019-01-14 20:20:39,ML
2,bb,jakartahub,shp_carangwulung,"5l",1.00000000,1,2019-01-14 20:20:39,ML
2,bb,jakartahub,shp_cilincing,"5l",1.00000000,1,2019-01-14 20:20:40,ML
2,bb,jakartahub,shp_kel-gad,"5l",1.00000000,1,2019-01-14 20:20:40,ML
2,bb,jakartahub,shp_point1,"5l",1.00000000,1,2019-01-14 20:20:40,ML
2,bb,jakartahub,test40,"5l",1.00000002,1,2019-01-14 20:20:41,ML
2,bb,location0,shp_marunda,"5l",1.00000000,1,2019-01-14 20:20:41,ML
2,bb,melwh,"01","5l",1.00000002,1,2019-01-14 20:20:42,ML
2,bb,melwh,ecoflosys,"5l",1.00000002,1,2019-01-14 20:20:43,ML
2,bb,ss-chn-hub,sp_2,"5l",1.00000002,1,2019-01-14 20:20:46,ML
2,bb,tdm,shp_marunda,"5l",1.00000000,1,2019-01-14 20:20:46,ML
2,bbmsi,chn-hub,shp_marunda,"5l",1.00000000,1,2019-01-14 20:20:47,ML
2,c0,location00,location0,north syd school,1.00000002,1,2019-01-14 20:20:48,ML
2,c01,"3ls",m02,"5l",1.00000002,1,2019-01-14 20:20:48,ML
2,c01,adayar,"3camsa","5l",1.00000002,1,2019-01-14 20:20:49,ML
2,c01,bng,shp_marunda,"5l",1.00000000,1,2019-01-14 20:20:49,ML
2,c01,cameron-d,"2desres","5l",1.00000000,1,2019-01-14 20:20:50,ML
2,c01,jakartahub,coles,"1002",-1.00000002,2,2019-01-14 20:20:50,ML
2,c101,"2lh",td6095,"5l",1.00000002,1,2019-01-14 20:20:51,ML
2,cl,chennai-1,shpp89,"5l",1.00000000,1,2019-01-14 20:20:52,ML
2,cl,chennai-1,shpp89to,"5l",1.00000000,1,2019-01-14 20:20:52,ML
2,cu1,"2pud","23pwick","01_st_1",1.00000002,1,2019-01-14 20:20:53,ML
2,cu1,jakartahub,"23pwick","125",1.00000002,1,2019-01-14 20:20:53,ML
2,cus01,ib_loc,"10000435","5l",1.00000000,1,2019-01-14 20:20:54,ML
2,cus098,"10l","10000039","5l",1.00000002,1,2019-01-14 20:20:56,ML
2,cus098,damascus,"10000039","5l",1.00000002,1,2019-01-14 20:20:56,ML
2,customer03,"2pud",td1058,"5l",1.00000002,1,2019-01-14 20:20:57,ML
2,customer03,"2pud",td1058,ship_point_03,-1.00000002,2,2019-01-14 20:20:57,ML
2,customer06,jakartahub,shp_point1,shp_marunda,1.00000000,1,2019-01-14 20:20:58,ML
2,customer444,"10l","1","5l",1.00000002,1,2019-01-14 20:20:58,ML
2,customer444,l793992,sp1,"5l",1.00000002,1,2019-01-14 20:20:59,ML
2,customer444,l793994,"741","5l",0.00000000,1,2019-01-14 20:20:59,ML
2,customer444,lynk,"741",shp_point1,-1.00595685,2,2019-01-14 20:21:00,ML
2,customer444,lynk,"741",shp_marunda,-1.00595685,3,2019-01-14 20:21:00,ML
2,customer444,lynk,td1058,"1212",1.00000002,1,2019-01-14 20:21:01,ML
2,customer_01,"10l",ship_point_01,"5l",1.00000000,1,2019-01-14 20:21:01,ML
2,customer_01,"10l",td1058,"5l",1.00000000,1,2019-01-14 20:21:02,ML
2,customer_01,chn-hub,ship_point_01,"5l",1.00000002,1,2019-01-14 20:21:02,ML
2,cust_96,cp,"10000039","5l",1.00000000,1,2019-01-14 20:21:03,ML
2,cust_bb,"10l",tdm,sp001,1.00000000,1,2019-01-14 20:21:03,ML
2,cust_bb,jakartahub,"10000435","5l",1.00000000,1,2019-01-14 20:21:04,ML
2,cust_bb,jakartahub,"2","5l",1.00000000,1,2019-01-14 20:21:05,ML
2,cust_bb,jakartahub,shp_cemeng,"5l",1.00000000,1,2019-01-14 20:21:05,ML
2,cust_bb,jakartahub,shp_point1,"5l",1.00000000,1,2019-01-14 20:21:06,ML
2,cwp002,bwdb,aglwh,"5l",1.00000002,1,2019-01-14 20:21:07,ML
2,dow-c-001,kalwa,kalwa-1,"5l",1.00000000,1,2019-01-14 20:21:07,ML
2,fairmaxjak,"11l",shp_cilincing,"5l",1.00000000,1,2019-01-14 20:21:08,ML
2,fairmaxjak,jakartahub,"10000039","5l",1.00000002,1,2019-01-14 20:21:08,ML
2,frtsyst01,inmaa,frtsyschn,"5l",1.00000002,1,2019-01-14 20:21:09,ML
2,frtsyst01,maa,dshpt002,"5l",1.00000002,1,2019-01-14 20:21:10,ML
2,gytextaai,aaiwwltest,phgytextaai,"5l",1.00000002,1,2019-01-14 20:21:10,ML
2,kethannewwwwwwwwww,chn-hub,"172","5l",1.00000000,1,2019-01-14 20:21:11,ML
2,larry1,"10l",m01,"5l",1.00000002,1,2019-01-14 20:21:11,ML
2,larry1,adayar,"1","5l",1.00000002,1,2019-01-14 20:21:11,ML
2,larry1,chennai-1,"172-1","5l",1.00000000,1,2019-01-14 20:21:12,ML
2,larry1,chn-hub,"1","10000051",1.00000000,1,2019-01-14 20:21:12,ML
2,larry1,chn-hub,"10000039","5l",1.00000000,1,2019-01-14 20:21:13,ML
2,maxhypchn,ramco,aaiomax,"5l",1.00000002,1,2019-01-14 20:21:13,ML
2,mohawk,"10l","01","5l",1.00000002,1,2019-01-14 20:21:14,ML
2,mohawk,"10l","01_st_1","5l",1.00000000,1,2019-01-14 20:21:14,ML
2,mohawk,"10l","1","963",-1.04151651,2,2019-01-14 20:21:14,ML
2,mohawk,"10l","10000039","5l",1.00000002,1,2019-01-14 20:21:15,ML
2,mohawk,"10l","10000051","5l",1.00000002,1,2019-01-14 20:21:15,ML
2,mohawk,"1201","1","5l",1.00000002,1,2019-01-14 20:21:15,ML
2,mohawk,"2lh","10000435","5l",1.00000002,1,2019-01-14 20:21:16,ML
2,mohawk,"3ls","5333","2100",1.00000002,1,2019-01-14 20:21:16,ML
2,mohawk,changi,"10000039","5l",1.00000002,1,2019-01-14 20:21:16,ML
2,mohawk,jakartahub,"10000039","5l",1.00000002,1,2019-01-14 20:21:17,ML
2,mohawk,jakartahub,"10000435","5l",1.00000002,1,2019-01-14 20:21:17,ML
2,mohawk,melwh,"10000039","5l",1.00000002,1,2019-01-14 20:21:18,ML
2,mohawk,melwh,melwh,"5l",1.03116190,1,2019-01-14 20:21:18,ML
2,mohawk,melwh,melwh,"01",-1.03116190,2,2019-01-14 20:21:18,ML
2,mohawk,melwh,shp_cilincing,"5l",1.00000000,1,2019-01-14 20:21:19,ML
2,mohawk,tdm,sp_2,"5l",1.00000000,1,2019-01-14 20:21:19,ML
2,mtc001,khandsa,khandsa-1,"5l",1.00000002,1,2019-01-14 20:21:19,ML
2,n_customer000,"2pud",shp_marunda,"5l",1.00000000,1,2019-01-14 20:21:20,ML
2,n_customer000,jakartahub,shp_marunda,"5l",1.00000000,1,2019-01-14 20:21:20,ML
2,phoenix,"2lh",abc1,"5l",1.00000002,1,2019-01-14 20:21:21,ML
2,pid000000001_2017,location00,"10000435","5l",1.00000000,1,2019-01-14 20:21:22,ML
2,silk001,"10l","135","5l",1.00000002,1,2019-01-14 20:21:22,ML
2,silk001,jakartahub,"1","5l",1.00000002,1,2019-01-14 20:21:22,ML
2,silk001,viclav,"01","5l",1.00000002,1,2019-01-14 20:21:23,ML
2,silk001,viclav,"741","5l",1.00000002,1,2019-01-14 20:21:23,ML
2,silk001,viclav,shp_marunda,"5l",1.00000000,1,2019-01-14 20:21:24,ML
2,silk005,"10l","10000039","5l",1.00000002,1,2019-01-14 20:21:24,ML
2,silk007,viclav,"700028","5l",1.00000002,1,2019-01-14 20:21:24,ML
2,t001,"2lh","2293","5l",1.00000002,1,2019-01-14 20:21:25,ML
2,taparia,"2ls",melwh,"5l",1.00000002,1,2019-01-14 20:21:25,ML
2,td1058,"10l","24pines","5l",1.00000002,1,2019-01-14 20:21:26,ML
2,td1058,"10l",td1058,"5l",1.00000000,1,2019-01-14 20:21:26,ML
2,td1058,"10l",test03,"5l",1.00000002,1,2019-01-14 20:21:26,ML
2,td1058,"2l",td1058,"5l",1.00000000,1,2019-01-14 20:21:27,ML
2,td1058,"2l",test07,"5l",1.00000002,1,2019-01-14 20:21:27,ML
2,td1058,"2lh","10000435","5l",1.00000002,1,2019-01-14 20:21:27,ML
2,td1058,"2lh",sp1,"5l",1.00000002,1,2019-01-14 20:21:28,ML
2,td1058,"2lh",test04,"5l",1.00000002,1,2019-01-14 20:21:28,ML
2,td1058,"2lh",test06,"5l",1.00000002,1,2019-01-14 20:21:29,ML
2,td1058,"2lh",test09,"5l",1.00000002,1,2019-01-14 20:21:29,ML
2,td1058,"2lh",test16,"5l",1.00000002,1,2019-01-14 20:21:32,ML
2,td1058,"2pud",test01,"5l",1.00000002,1,2019-01-14 20:21:32,ML
2,td1058,"2pud",test06,"5l",1.00000002,1,2019-01-14 20:21:32,ML
2,td1058,"2pud",test10,"5l",1.00000002,1,2019-01-14 20:21:33,ML
2,td1058,"2pudc",test05,"5l",1.00000002,1,2019-01-14 20:21:33,ML
2,td1058,"2pudc",test10,"5l",1.00000002,1,2019-01-14 20:21:34,ML
2,td1058,"2pudc",test15,"5l",1.00000002,1,2019-01-14 20:21:34,ML
2,td1058,"2tgw","2chikil","5l",1.00000002,1,2019-01-14 20:21:35,ML
2,td1058,"2tgw","2parsou","5l",1.02001620,1,2019-01-14 20:21:35,ML
2,td1058,"2tgw","2parsou","3kerbay",-1.02001620,2,2019-01-14 20:21:35,ML
2,td1058,"2tgw","3crisou","5l",1.00000002,1,2019-01-14 20:21:36,ML
2,td1058,"2tgw","3granmel","5l",1.00000002,1,2019-01-14 20:21:36,ML
2,bb,location00,"01_st_1","5l",1.00000000,1,2019-01-14 20:20:41,ML
2,bb,location00,frtsyschn,frtsysblr,1.00000002,1,2019-01-14 20:20:42,ML
2,bb,melwh,shp_marunda,"5l",1.00000000,1,2019-01-14 20:20:46,ML
2,bbmsi,adyar,krywh1,"5l",1.00000002,1,2019-01-14 20:20:47,ML
2,c01,"2l",coles,"5l",1.00000002,1,2019-01-14 20:20:48,ML
2,c01,bng,"368","5l",1.00000002,1,2019-01-14 20:20:49,ML
2,c01,jakartahub,coles,coles,1.00000002,1,2019-01-14 20:20:50,ML
2,ck1,cp,dl2,"5l",1.00000002,1,2019-01-14 20:20:51,ML
2,coles,lynk,"24pines","5l",1.00000002,1,2019-01-14 20:20:52,ML
2,cus01,chn-hub,"10000039","5l",1.00000000,1,2019-01-14 20:20:54,ML
2,cus01,nwex,"2031","5l",1.00000002,1,2019-01-14 20:20:55,ML
2,cust01new,jakartahub,"10000051","5l",1.00000002,1,2019-01-14 20:20:56,ML
2,customer06,brooklyn,shp_point1,shp_marunda,1.00000000,1,2019-01-14 20:20:57,ML
2,customer444,bayswater,shp_marunda,"5l",1.00000000,1,2019-01-14 20:20:58,ML
2,customer444,l793994,sp1,"5l",1.00000002,1,2019-01-14 20:21:00,ML
2,customer444,lynk,"741","12345",-1.02351942,5,2019-01-14 20:21:01,ML
2,customer_01,"10l",shp_marunda,"5l",1.00000000,1,2019-01-14 20:21:02,ML
2,customer_01,melbourne,"2059","5l",1.00000000,1,2019-01-14 20:21:03,ML
2,cust_bb,"2tgw","2parsou","5l",1.00000000,1,2019-01-14 20:21:04,ML
2,cust_bb,jakartahub,"2chikil","5l",1.00000000,1,2019-01-14 20:21:05,ML
2,cust_bb,jakartahub,visy001,"5l",1.00000000,1,2019-01-14 20:21:06,ML
2,fairmaxjak,"10l",td1058,"5l",1.00000002,1,2019-01-14 20:21:07,ML
2,fairmaxjak,jakartahub,"3","5l",1.00000002,1,2019-01-14 20:21:08,ML
2,frtsyst01,maa,abtchn01,"5l",1.00000002,1,2019-01-14 20:21:09,ML
2,kethannewwwwwwwwww,"2lh","24pines","5l",1.00000002,1,2019-01-14 20:21:11,ML
2,larry1,bng,"10000039","5l",1.00000002,1,2019-01-14 20:21:12,ML
2,mariota,bng,sp_blrcity,"5l",1.00000000,1,2019-01-14 20:21:13,ML
2,mohawk,"10l","1","5l",1.04151651,1,2019-01-14 20:21:14,ML
2,mohawk,"10l",shp_kel-gad,"5l",1.00000000,1,2019-01-14 20:21:15,ML
2,mohawk,chn-hub,"1","5l",1.00000000,1,2019-01-14 20:21:17,ML
2,mohawk,melwh,"741","5l",1.00000002,1,2019-01-14 20:21:18,ML
2,mohawk,tdm,"01_st_1","5l",1.00000000,1,2019-01-14 20:21:19,ML
2,n_customer000,"2tgw",shp_marunda,"5l",1.00000000,1,2019-01-14 20:21:20,ML
2,pid000000001_2017,location00,"01_st_1","5l",1.00000002,1,2019-01-14 20:21:21,ML
2,silk001,bng,"2078","5l",1.00000002,1,2019-01-14 20:21:22,ML
2,silk001,viclav,rajbhavan22,"5l",1.00000002,1,2019-01-14 20:21:23,ML
2,silk007,viclav,rajbhavan22,"5l",1.00000002,1,2019-01-14 20:21:24,ML
2,t001,"10l","2chikil","5l",1.00000002,1,2019-01-14 20:21:25,ML
2,td1058,"10l","01_st_1","01",1.00000000,1,2019-01-14 20:21:25,ML
2,td1058,"11l","10000039","5l",1.00000002,1,2019-01-14 20:21:26,ML
2,td1058,"2l","1","5l",1.00000002,1,2019-01-14 20:21:27,ML
2,td1058,"2lh","24pines","5l",1.00000002,1,2019-01-14 20:21:28,ML
2,td1058,"2lh",test08,"5l",1.00000002,1,2019-01-14 20:21:29,ML
2,td1058,"2lh",test10,"5l",1.00000002,1,2019-01-14 20:21:31,ML
2,td1058,"2pud",test07,"5l",1.00000002,1,2019-01-14 20:21:33,ML
2,td1058,"2pudc",test12,"5l",1.00000002,1,2019-01-14 20:21:34,ML
2,td1058,"2tgw","2momchi","5l",1.00000002,1,2019-01-14 20:21:35,ML
2,td1058,"2tgw","3exhsou","5l",1.00000002,1,2019-01-14 20:21:36,ML
2,td1058,"2tgw","3hilsou","5l",1.00000002,1,2019-01-14 20:21:36,ML
2,td1058,"2tgw",id4421,"5l",1.00000002,1,2019-01-14 20:21:37,ML
2,td1058,"2tgw",test10,"5l",1.00000002,1,2019-01-14 20:21:38,ML
2,td1058,"2tt",test17,"5l",1.00000002,1,2019-01-14 20:21:38,ML
2,td1058,"3ls","24pines","5l",1.00000002,1,2019-01-14 20:21:38,ML
2,td1058,"3ls",td5727,"5l",1.00000002,1,2019-01-14 20:21:39,ML
2,td1058,"3pud","24pines","5l",1.00000002,1,2019-01-14 20:21:39,ML
2,td1058,"3pud",test02,"5l",1.00000002,1,2019-01-14 20:21:39,ML
2,td1058,"3s","2chikil","5l",1.00000002,1,2019-01-14 20:21:40,ML
2,td1058,"3t","2chikil","5l",1.00000002,1,2019-01-14 20:21:40,ML
2,td1058,jakartahub,"2parsou","5l",1.00000002,1,2019-01-14 20:21:41,ML
2,td1058,jakartahub,"6kooper","5l",1.00000002,1,2019-01-14 20:21:41,ML
2,td1058,per11,"6kooper","5l",1.00000002,1,2019-01-14 20:21:41,ML
2,td1062,"10l",exopremi,"5l",1.00000002,1,2019-01-14 20:21:42,ML
2,td1062,"2lh","10000051","5l",1.00000002,1,2019-01-14 20:21:42,ML
2,td1113,"2lh","24pines","5l",1.00000002,1,2019-01-14 20:21:42,ML
2,td1113,"2lh","2athgle","5l",1.00000002,1,2019-01-14 20:21:42,ML
2,td1239,chn-hub,"01_st_1","01_st_1",1.00000002,1,2019-01-14 20:21:43,ML
2,td1239,chn-hub,"1","5l",0.00000000,1,2019-01-14 20:21:43,ML
2,td1239,chn-hub,"1","10000051",0.00000000,2,2019-01-14 20:21:43,ML
2,td2083,"2l","23pwick","5l",1.00000002,1,2019-01-14 20:21:44,ML
2,td2083,"2lh","2desres","5l",1.00000002,1,2019-01-14 20:21:44,ML
2,td2083,"2pud","23pwick","5l",1.00000002,1,2019-01-14 20:21:44,ML
2,td2083,"2pud",td5695,"5l",1.00000002,1,2019-01-14 20:21:44,ML
2,td4541,cameron-b,id1,"5l",1.00000000,1,2019-01-14 20:21:45,ML
2,unileverjak,"11l",shp_marunda,"5l",1.00000000,1,2019-01-14 20:21:45,ML
2,unileverjak,"1201",shp_marunda,"5l",1.00000000,1,2019-01-14 20:21:46,ML
2,unileverjak,"2l",td5727,"5l",1.00000002,1,2019-01-14 20:21:46,ML
2,unileverjak,"3l",shp_cemeng,"5l",1.00000000,1,2019-01-14 20:21:46,ML
2,unileverjak,cameronipo,shp_marunda,"5l",1.00000000,1,2019-01-14 20:21:47,ML
2,unileverjak,jakartah,shp_marunda,"5l",1.00000000,1,2019-01-14 20:21:47,ML
2,unileverjak,jakartahub,shp_cemeng,"5l",1.00000000,1,2019-01-14 20:21:47,ML
2,unileverjak,lynk,shp_jarak,"5l",1.00000000,1,2019-01-14 20:21:48,ML
2,unileverjak,smrnghub,shp_cemeng,"5l",1.00000000,1,2019-01-14 20:21:48,ML
2,unileverjak,smrnghub,shp_jarak,"5l",1.00000000,1,2019-01-14 20:21:49,ML
2,unileverjak,smrnghub,shp_kel-gad,"5l",1.00000000,1,2019-01-14 20:21:49,ML
2,visy_paper,"3ls",visy001,"5l",1.00000000,1,2019-01-14 20:21:50,ML
2,visy_paper,"6l",exopremi,"5l",1.00000000,1,2019-01-14 20:21:50,ML
2,visy_paper,"6l",id4421,"5l",1.00000000,1,2019-01-14 20:21:50,ML
2,visy_paper,location00,"10001153","5l",1.00000000,1,2019-01-14 20:21:51,ML
2,visy_paper,location00,location0,"5l",1.00000000,1,2019-01-14 20:21:51,ML
2,visy_paper,location00,shp_marunda,"5l",1.00000000,1,2019-01-14 20:21:51,ML
2,visy_paper,melbourne,visy002,"5l",1.00000000,1,2019-01-14 20:21:52,ML
2,vrl,"3l","10000051","5l",1.00000002,1,2019-01-14 20:21:52,ML
2,vrl,chennaihub,shp_chn,"5l",1.00000000,1,2019-01-14 20:21:52,ML
2,vrl,chn-hub,shp_chn,"5l",1.00000000,1,2019-01-14 20:21:52,ML
2,vrl,delhihub,shp_chn,"5l",1.00000000,1,2019-01-14 20:21:53,ML
2,vrl,jakartahub,shp_cemeng,"5l",1.00000000,1,2019-01-14 20:21:53,ML
2,vrl,jakartahub,shp_chn,"5l",1.00000000,1,2019-01-14 20:21:53,ML
2,"007",Dandenong,test_cus,AFT,1.00000000,3,2019-01-18 09:53:36,lgtadminuser
2,"007",India,test_cus,ID1,1.00000000,2,2019-01-18 09:53:36,lgtadminuser
2,"007",JakartaHub,test_cus,COLES,1.00000000,1,2019-01-18 09:53:36,lgtadminuser
2,mohawk,"2l","127","5l",1.00000002,1,2019-01-14 20:21:16,ML
2,n_customer000,location0,shp_marunda,"5l",1.00000000,1,2019-01-14 20:21:21,ML
2,silk005,bb,aft,"5l",1.00000002,1,2019-01-14 20:21:24,ML
2,td1058,"10l","6kooper","5l",1.00000002,1,2019-01-14 20:21:26,ML
2,td1058,"2l",test01,"5l",1.00000002,1,2019-01-14 20:21:27,ML
2,td1058,"2lh",test01,"5l",1.00000002,1,2019-01-14 20:21:28,ML
2,td1058,"2pud",test03,"5l",1.00000002,1,2019-01-14 20:21:32,ML
2,td1058,"2tgw","2albwil","5l",1.00000002,1,2019-01-14 20:21:34,ML
2,td1058,"2tgw","3baymelb","5l",1.00000002,1,2019-01-14 20:21:36,ML
2,td1058,"2tgw","3kerbay","5l",1.00000002,1,2019-01-14 20:21:37,ML
2,td1058,"3chp",test12,"5l",1.00000002,1,2019-01-14 20:21:38,ML
2,td1058,"3pud","2parsou","5l",1.00000002,1,2019-01-14 20:21:39,ML
2,td1058,"6l",test08,"5l",1.00000002,1,2019-01-14 20:21:40,ML
2,td1062,chn-hub,exopremi,"5l",1.00000000,1,2019-01-14 20:21:42,ML
2,td1239,chn-hub,"741","963",1.00000000,1,2019-01-14 20:21:44,ML
2,testingtestingtest,adyar,dapcmhn,"5l",1.00000002,1,2019-01-14 20:21:45,ML
2,unileverjak,bayswater,shp_marunda,"5l",1.00000000,1,2019-01-14 20:21:47,ML
2,unileverjak,jakartahub,shp_marunda,"5l",1.00000000,1,2019-01-14 20:21:48,ML
2,visy_paper,location00,"1","5l",1.00000000,1,2019-01-14 20:21:51,ML
2,vrl,"10l",shp_chn,"5l",1.00000000,1,2019-01-14 20:21:52,ML
2,vrl,lynk,"10000039","5l",1.00000002,1,2019-01-14 20:21:53,ML
2,td1058,"2tgw",dm1879,"5l",1.00000002,1,2019-01-14 20:21:37,ML
2,td1058,"3l","10001153","5l",1.00000002,1,2019-01-14 20:21:38,ML
2,td1058,"3pud",exopremi,"5l",1.00000002,1,2019-01-14 20:21:39,ML
2,td1058,cp,"10000039","5l",1.00000002,1,2019-01-14 20:21:40,ML
2,td1058,tashub,mas113,"5l",1.00000002,1,2019-01-14 20:21:42,ML
2,td1113,"2pud","24pines","5l",1.00000002,1,2019-01-14 20:21:43,ML
2,td2083,"11l",td5695,"5l",1.00000002,1,2019-01-14 20:21:44,ML
2,td2083,jakartahub,td5695,"5l",1.00000002,1,2019-01-14 20:21:45,ML
2,unileverjak,"2l",shp_cemeng,"5l",1.00000000,1,2019-01-14 20:21:46,ML
2,unileverjak,jakartah,shp_kel-gad,"5l",1.00000000,1,2019-01-14 20:21:47,ML
2,unileverjak,smrnghub,"192","2078",1.00000002,1,2019-01-14 20:21:48,ML
2,unileverjak,smrnghub,shp_marunda,"5l",1.00000000,1,2019-01-14 20:21:49,ML
2,visy_paper,jakartahub,shp_marunda,"5l",1.00000000,1,2019-01-14 20:21:50,ML
2,visy_paper,location00,sp000,"5l",1.00000000,1,2019-01-14 20:21:51,ML
2,vrl,d-port,shp_chn,"5l",1.00000000,1,2019-01-14 20:21:53,ML
